unidade_id,tipo,regiao_id,modelo,capacidade_dia,data_inicio
CD-SP1,CD,SE,proprio,38000,2025-01-01
CD-SP2,CD,SE,3PL,20000,2025-01-01
CD-RJ1,CD,SE,proprio,16000,2025-01-01
CD-PR1,CD,S,proprio,24000,2025-01-01
CD-GO1,CD,CO,3PL,13000,2025-06-01
CD-PE1,CD,NE,proprio,30000,2025-04-01
CD-AM1,CD,N,3PL,9000,2025-08-01
HUB-SP,HUB,SE,proprio,90000,2025-01-01
HUB-PR,HUB,S,proprio,28000,2025-01-01
HUB-BA,HUB,NE,3PL,36000,2025-04-01
HUB-DF,HUB,CO,3PL,15000,2025-06-01
HUB-PA,HUB,N,3PL,11000,2025-08-01
LM-SPC,BASE,SE,proprio,36000,2025-01-01
LM-SPI,BASE,SE,3PL,30000,2025-01-01
LM-RJC,BASE,SE,proprio,24000,2025-01-01
LM-CWB,BASE,S,proprio,15000,2025-01-01
LM-POA,BASE,S,3PL,13000,2025-01-01
LM-GYN,BASE,CO,3PL,8000,2025-06-01
LM-BSB,BASE,CO,3PL,8000,2025-06-01
LM-REC,BASE,NE,proprio,14000,2025-04-01
LM-SSA,BASE,NE,3PL,12000,2025-04-01
LM-FOR,BASE,NE,3PL,10000,2025-04-01
LM-MAO,BASE,N,3PL,6000,2025-08-01
LM-BEL,BASE,N,3PL,5500,2025-08-01
