mes,unidade_id,modelo,headcount,desligamentos,admissoes,desligamentos_menos_90d,horas_trabalhadas,acidentes,dias_perdidos,enps
2025-01-01,CD-PR1,proprio,374,16,390,149,71505.0,0,0,29.0
2025-01-01,CD-RJ1,proprio,235,12,247,74,44698.0,0,0,21.0
2025-01-01,CD-SP1,proprio,558,26,584,217,106159.0,0,0,14.0
2025-01-01,CD-SP2,3PL,294,23,317,105,55873.0,0,0,15.0
2025-02-01,CD-PR1,proprio,346,13,13,5,66056.0,0,0,27.0
2025-02-01,CD-RJ1,proprio,217,10,10,3,41198.0,0,0,19.0
2025-02-01,CD-SP1,proprio,513,22,22,9,97846.0,1,15,24.0
2025-02-01,CD-SP2,3PL,271,23,23,9,51498.0,0,0,11.0
2025-03-01,CD-PR1,proprio,420,23,97,32,80013.0,1,17,35.0
2025-03-01,CD-RJ1,proprio,263,11,57,21,49980.0,0,0,-9.0
2025-03-01,CD-SP1,proprio,623,30,140,47,118701.0,2,16,25.0
2025-03-01,CD-SP2,3PL,328,25,82,28,62475.0,0,0,3.0
2025-04-01,CD-PE1,proprio,384,18,402,172,72574.0,0,0,18.0
2025-04-01,CD-PR1,proprio,394,19,19,6,75002.0,0,0,24.0
2025-04-01,CD-RJ1,proprio,242,12,12,5,46172.0,0,0,18.0
2025-04-01,CD-SP1,proprio,575,24,24,9,109658.0,1,11,20.0
2025-04-01,CD-SP2,3PL,304,17,17,6,57715.0,1,17,3.0
2025-05-01,CD-PE1,proprio,508,20,144,49,95801.0,1,10,22.0
2025-05-01,CD-PR1,proprio,463,19,88,30,88023.0,0,0,21.0
2025-05-01,CD-RJ1,proprio,283,15,56,19,53875.0,0,0,10.0
2025-05-01,CD-SP1,proprio,672,34,131,46,127954.0,1,13,22.0
2025-05-01,CD-SP2,3PL,354,33,83,28,67344.0,0,0,11.0
2025-06-01,CD-GO1,3PL,164,12,176,61,31178.0,1,13,7.0
2025-06-01,CD-PE1,proprio,489,25,25,9,92231.0,0,0,28.0
2025-06-01,CD-PR1,proprio,413,19,19,7,78747.0,0,0,17.0
2025-06-01,CD-RJ1,proprio,256,10,10,4,48608.0,0,0,10.0
2025-06-01,CD-SP1,proprio,606,23,23,10,115442.0,1,8,19.0
2025-06-01,CD-SP2,3PL,319,13,13,4,60759.0,0,0,5.0
2025-07-01,CD-GO1,3PL,198,16,50,14,37707.0,1,4,-6.0
2025-07-01,CD-PE1,proprio,549,30,90,30,103539.0,4,46,24.0
2025-07-01,CD-PR1,proprio,444,22,53,16,84436.0,0,0,34.0
2025-07-01,CD-RJ1,proprio,272,13,29,11,51864.0,0,0,18.0
2025-07-01,CD-SP1,proprio,647,34,75,15,123176.0,1,11,13.0
2025-07-01,CD-SP2,3PL,340,22,43,13,64829.0,0,0,-12.0
2025-08-01,CD-AM1,3PL,139,11,150,36,26279.0,1,15,8.0
2025-08-01,CD-GO1,3PL,212,15,29,10,40455.0,1,9,13.0
2025-08-01,CD-PE1,proprio,583,28,62,17,110104.0,0,0,15.0
2025-08-01,CD-PR1,proprio,440,18,18,6,83767.0,1,12,17.0
2025-08-01,CD-RJ1,proprio,273,16,17,7,52024.0,0,0,4.0
2025-08-01,CD-SP1,proprio,650,36,39,13,123558.0,0,0,20.0
2025-08-01,CD-SP2,3PL,341,20,21,8,65030.0,0,0,-4.0
2025-09-01,CD-AM1,3PL,159,16,36,14,30079.0,0,0,10.0
2025-09-01,CD-GO1,3PL,226,18,32,12,42991.0,1,12,6.0
2025-09-01,CD-PE1,proprio,611,28,56,14,114855.0,0,0,16.0
2025-09-01,CD-PR1,proprio,451,22,33,13,85847.0,1,15,27.0
2025-09-01,CD-RJ1,proprio,281,14,22,7,53549.0,0,0,9.0
2025-09-01,CD-SP1,proprio,668,24,42,15,127179.0,1,19,32.0
2025-09-01,CD-SP2,3PL,352,30,41,14,66936.0,0,0,9.0
2025-10-01,CD-AM1,3PL,186,13,40,12,35197.0,0,0,5.0
2025-10-01,CD-GO1,3PL,244,24,42,12,46448.0,0,0,1.0
2025-10-01,CD-PE1,proprio,652,20,61,27,123360.0,2,16,25.0
2025-10-01,CD-PR1,proprio,487,21,57,16,93116.0,1,7,14.0
2025-10-01,CD-RJ1,proprio,297,12,28,9,56620.0,0,0,28.0
2025-10-01,CD-SP1,proprio,706,33,71,30,134472.0,3,27,29.0
2025-10-01,CD-SP2,3PL,372,27,47,14,70775.0,0,0,-2.0
2025-11-01,CD-AM1,3PL,270,19,103,42,50857.0,1,11,9.0
2025-11-01,CD-GO1,3PL,351,20,127,46,66993.0,1,10,-7.0
2025-11-01,CD-PE1,proprio,895,38,281,113,168977.0,2,23,27.0
2025-11-01,CD-PR1,proprio,658,33,204,86,125864.0,3,39,21.0
2025-11-01,CD-RJ1,proprio,411,20,134,44,78233.0,0,0,17.0
2025-11-01,CD-SP1,proprio,969,43,306,67,184776.0,2,23,3.0
2025-11-01,CD-SP2,3PL,515,35,178,41,98022.0,0,0,10.0
2025-12-01,CD-AM1,3PL,282,19,31,10,53263.0,0,0,5.0
2025-12-01,CD-GO1,3PL,364,23,36,11,69314.0,0,0,-4.0
2025-12-01,CD-PE1,proprio,934,39,78,25,176084.0,2,28,20.0
2025-12-01,CD-PR1,proprio,687,32,61,23,130483.0,3,38,29.0
2025-12-01,CD-RJ1,proprio,415,19,23,6,79099.0,1,11,30.0
2025-12-01,CD-SP1,proprio,982,40,53,17,187219.0,3,33,16.0
2025-12-01,CD-SP2,3PL,520,31,36,9,99107.0,0,0,-4.0
2026-01-01,CD-AM1,3PL,224,21,21,5,42186.0,1,17,13.0
2026-01-01,CD-GO1,3PL,282,20,20,7,53845.0,0,0,-6.0
2026-01-01,CD-PE1,proprio,733,28,28,10,138352.0,0,0,10.0
2026-01-01,CD-PR1,proprio,519,24,24,6,98986.0,2,17,24.0
2026-01-01,CD-RJ1,proprio,315,13,13,5,60114.0,1,11,28.0
2026-01-01,CD-SP1,proprio,749,40,40,8,142770.0,2,19,23.0
2026-01-01,CD-SP2,3PL,394,26,26,8,75142.0,2,23,3.0
2026-02-01,CD-AM1,3PL,207,13,13,5,39116.0,0,0,10.0
2026-02-01,CD-GO1,3PL,259,19,19,5,49248.0,0,0,14.0
2026-02-01,CD-PE1,proprio,670,29,29,10,126628.0,0,0,22.0
2026-02-01,CD-PR1,proprio,479,20,20,7,91440.0,2,18,1.0
2026-02-01,CD-RJ1,proprio,290,12,12,3,55275.0,0,0,13.0
2026-02-01,CD-SP1,proprio,690,33,33,10,131769.0,1,12,26.0
2026-02-01,CD-SP2,3PL,363,32,32,8,69094.0,1,11,-0.0
2026-03-01,CD-AM1,3PL,262,16,71,24,49263.0,0,0,13.0
2026-03-01,CD-GO1,3PL,322,23,86,22,61375.0,0,0,9.0
2026-03-01,CD-PE1,proprio,822,41,193,50,154710.0,2,27,21.0
2026-03-01,CD-PR1,proprio,584,30,135,33,111398.0,0,0,28.0
2026-03-01,CD-RJ1,proprio,363,19,92,39,69068.0,1,6,16.0
2026-03-01,CD-SP1,proprio,862,31,203,76,164035.0,1,8,24.0
2026-03-01,CD-SP2,3PL,453,33,123,39,86334.0,1,16,4.0
2026-04-01,CD-AM1,3PL,232,18,18,5,43797.0,0,0,8.0
2026-04-01,CD-GO1,3PL,293,18,18,6,55792.0,0,0,13.0
2026-04-01,CD-PE1,proprio,722,33,33,8,136199.0,0,0,11.0
2026-04-01,CD-PR1,proprio,534,18,18,4,101678.0,3,38,20.0
2026-04-01,CD-RJ1,proprio,330,13,13,4,62865.0,2,24,10.0
2026-04-01,CD-SP1,proprio,784,26,26,9,149304.0,2,32,15.0
2026-04-01,CD-SP2,3PL,412,27,27,6,78580.0,0,0,1.0
2026-05-01,CD-AM1,3PL,275,12,55,14,51776.0,0,0,-0.0
2026-05-01,CD-GO1,3PL,340,28,75,20,64855.0,1,8,12.0
2026-05-01,CD-PE1,proprio,842,39,159,40,158678.0,1,8,18.0
2026-05-01,CD-PR1,proprio,618,27,111,29,118004.0,0,0,39.0
2026-05-01,CD-RJ1,proprio,379,14,63,15,72113.0,1,12,19.0
2026-05-01,CD-SP1,proprio,901,27,144,16,171269.0,1,11,14.0
2026-05-01,CD-SP2,3PL,475,37,100,24,90141.0,0,0,12.0
2026-06-01,CD-AM1,3PL,255,16,16,4,48106.0,1,24,9.0
2026-06-01,CD-GO1,3PL,311,23,23,6,59171.0,0,0,13.0
2026-06-01,CD-PE1,proprio,773,39,39,8,145869.0,2,20,15.0
2026-06-01,CD-PR1,proprio,554,18,18,5,105552.0,0,0,15.0
2026-06-01,CD-RJ1,proprio,347,16,16,4,66242.0,0,0,20.0
2026-06-01,CD-SP1,proprio,828,37,37,9,157323.0,0,0,17.0
2026-06-01,CD-SP2,3PL,435,50,50,10,82802.0,1,17,14.0
2026-07-01,CD-AM1,3PL,273,19,37,8,51603.0,0,0,-4.0
2026-07-01,CD-GO1,3PL,329,17,35,9,62774.0,1,12,12.0
2026-07-01,CD-PE1,proprio,816,33,76,18,153773.0,0,0,34.0
2026-07-01,CD-PR1,proprio,591,20,57,12,112794.0,1,10,25.0
2026-07-01,CD-RJ1,proprio,366,20,39,8,69707.0,0,0,26.0
2026-07-01,CD-SP1,proprio,868,48,88,10,165556.0,3,40,19.0
2026-07-01,CD-SP2,3PL,457,33,55,9,87134.0,0,0,-4.0
2026-08-01,CD-AM1,3PL,280,23,30,7,52898.0,0,0,-12.0
2026-08-01,CD-GO1,3PL,338,26,35,8,64382.0,0,0,9.0
2026-08-01,CD-PE1,proprio,846,37,67,17,159008.0,1,12,17.0
2026-08-01,CD-PR1,proprio,608,22,39,11,115847.0,0,0,8.0
2026-08-01,CD-RJ1,proprio,371,18,23,5,70698.0,2,33,32.0
2026-08-01,CD-SP1,proprio,885,41,58,10,168488.0,1,11,14.0
2026-08-01,CD-SP2,3PL,465,48,56,17,88373.0,2,28,6.0
2026-09-01,CD-AM1,3PL,281,21,22,6,52950.0,1,11,7.0
2026-09-01,CD-GO1,3PL,332,27,27,5,63467.0,0,0,11.0
2026-09-01,CD-PE1,proprio,837,39,39,6,157858.0,2,22,22.0
2026-09-01,CD-PR1,proprio,616,26,34,12,117319.0,3,35,10.0
2026-09-01,CD-RJ1,proprio,372,17,18,4,70950.0,1,13,6.0
2026-09-01,CD-SP1,proprio,888,39,42,10,168504.0,1,10,17.0
2026-09-01,CD-SP2,3PL,464,28,28,5,88382.0,0,0,2.0
